,name,jersey,class,position,height,weight,hometown,hs,img,stats_page
0,Bryson Perryman,0,Jr.,CB,5.7,155.0,"KENSINGTON, MD",Albert Einstein,https://muhlenbergsports.com//images/2024/8/25/FBperryman24_SSeAQ.jpg?width=50,https://muhlenbergsports.com/sports/football/roster/bryson-perryman/8163
0,Victor Pagan,1,So.,LB,5.9,208.0,"BREINIGSVILLE, PA",Parkland,https://muhlenbergsports.com//images/2024/8/25/FBpagan24_uXLHL.jpg?width=50,https://muhlenbergsports.com/sports/football/roster/victor-pagan/8160
0,JJ Ramirez,1,Sr.,DB,5.7,165.0,"MIDDLESEX, NJ",Middlesex,https://muhlenbergsports.com//images/2024/8/25/FBramirezrojas24_Otzd1.jpg?width=50,https://muhlenbergsports.com/sports/football/roster/jj-ramirez-rojas/8167
0,Pelton Esannason Jr.,2,Sr.,WR,5.1,190.0,"SOMERVILLE, NJ",Immaculata,https://muhlenbergsports.com//images/2024/8/25/FBesannason24_lsQ0p.jpg?width=50,https://muhlenbergsports.com/sports/football/roster/pelton-esannason-jr-/8131
0,Aaron Sylvester,2,So.,DB,6.0,180.0,"CARLSTADT, NJ",Bergen Catholic,https://muhlenbergsports.com//images/2024/8/25/FBsylvester24_6PQ6e.jpg?width=50,https://muhlenbergsports.com/sports/football/roster/aaron-sylvester/8185
0,Marcus McClaine,3,Jr.,S,5.9,170.0,"GUILDERLAND, NY",Guilderland,https://muhlenbergsports.com//images/2024/8/25/FBmcclaine24_MihmL.jpg?width=50,https://muhlenbergsports.com/sports/football/roster/marcus-mcclaine/8152
0,Luke Spang,3,Fr.,QB,6.1,190.0,"ALLENTOWN, PA",Parkland,https://muhlenbergsports.com//images/2024/8/25/FBspang24_C33dc.jpg?width=50,https://muhlenbergsports.com/sports/football/roster/luke-spang/8342
0,Timothy Buda,4,Sr.,WR,5.9,161.0,"SALISBURY, PA",Salisbury,https://muhlenbergsports.com//images/2024/8/25/FBbuda24_QJddU.jpg?width=50,https://muhlenbergsports.com/sports/football/roster/timothy-buda/8116
0,JR Walley,4,Fr.,QB,6.1,200.0,"HOHOKUS, NJ",Northern Highlands Regional,https://muhlenbergsports.com//images/2024/8/25/FBwalley24_mzg2t.jpg?width=50,https://muhlenbergsports.com/sports/football/roster/jr-walley/8344
0,Connor Neith,5,Sr.,LB,6.0,218.0,"ALLENTOWN, PA",Parkland,https://muhlenbergsports.com//images/2024/8/25/FBneith24_TK6WN.jpg?width=50,https://muhlenbergsports.com/sports/football/roster/connor-neith/8156
0,Nick Petrillo,5,Jr.,WR,6.0,170.0,"OTTSVILLE, PA",Palisades,https://muhlenbergsports.com//images/2024/8/25/FBpetrillo24_2Dbiu.jpg?width=50,https://muhlenbergsports.com/sports/football/roster/nick-petrillo/8164
0,Keshon Davila,6,Sr.,DE,5.1,270.0,"NEW BRUNSWICK, NJ",New Brunswick,https://muhlenbergsports.com//images/2024/8/25/FBdavila24_eu9V0.jpg?width=50,https://muhlenbergsports.com/sports/football/roster/keshon-davila/8123
0,Dante Mahaffey,7,Jr.,QB,6.0,200.0,LOWER SAUCON TWP PA,Saucon Valley,https://muhlenbergsports.com//images/2024/8/25/FBmahaffey24_LwNYf.jpg?width=50,https://muhlenbergsports.com/sports/football/roster/dante-mahaffey/8150
0,Isaiah Williams,7,Sr.,S,5.9,165.0,"WASHINGTON, DC",McKinley Tech,https://muhlenbergsports.com//images/2024/8/25/FBwilliamsi24_bTRxI.jpg?width=50,https://muhlenbergsports.com/sports/football/roster/isaiah-williams/8190
0,Jake Shotwell,8,Sr.,FB,5.11,205.0,"MIFFLINVILLE, PA",Columbia Montour Vo-Tech,https://muhlenbergsports.com//images/2024/8/25/FBshotwell24_mszrJ.jpg?width=50,https://muhlenbergsports.com/sports/football/roster/jake-shotwell/8182
0,Justin Mondestin,9,Fr.,WR,6.0,185.0,"WAYNE, NJ",Wayne Valley,https://muhlenbergsports.com//images/2024/8/25/FBmondestin24_27LmG.jpg?width=50,https://muhlenbergsports.com/sports/football/roster/justin-mondestin/8330
0,Ray Vender,9,Sr.,LB,5.1,170.0,"MANALAPAN, NJ",Manalapan,https://muhlenbergsports.com//images/2024/8/25/FBvender24_NVbIy.jpg?width=50,https://muhlenbergsports.com/sports/football/roster/ray-vender/8188
0,Christopher Ardito,10,Sr.,WR,6.0,175.0,"GUILDERLAND, NY",Guilderland,https://muhlenbergsports.com//images/2024/8/25/FBardito24_YBgH4.jpg?width=50,https://muhlenbergsports.com/sports/football/roster/christopher-ardito/8110
0,Nate Hoskins,10,Fr.,QB,6.1,180.0,"ALDIE, VA",St. Paul VI,https://muhlenbergsports.com//images/2024/8/25/FBhoskins24_SPMnB.jpg?width=50,https://muhlenbergsports.com/sports/football/roster/nate-hoskins/8319
0,Joe Repetti,11,Sr.,QB,6.0,190.0,"PETERSBURG, NJ",Ocean City,https://muhlenbergsports.com//images/2024/8/25/FBrepetti24_eAeCq.jpg?width=50,https://muhlenbergsports.com/sports/football/roster/joe-repetti/8168
0,Brandon Booker,12,Fr.,QB,6.6,195.0,"NEW YORK, NY",Central Park East,https://muhlenbergsports.com//images/2024/8/25/FBbooker24_sTaFX.jpg?width=50,https://muhlenbergsports.com/sports/football/roster/brandon-booker/8303
0,Andrew Darno,12,Sr.,WR,6.0,185.0,"EASTON, PA",Notre Dame Green Pond,https://muhlenbergsports.com//images/2024/8/25/FBdarno24_b271C.jpg?width=50,https://muhlenbergsports.com/sports/football/roster/andrew-darno/8122
0,Ben Girard,13,Fr.,LB,6.0,225.0,"OAKHURST, NJ",Ocean Twp.,https://muhlenbergsports.com//images/2024/8/25/FBgirard24_PRPdz.jpg?width=50,https://muhlenbergsports.com/sports/football/roster/ben-girard/8315
0,Nick Humpf,14,Fr.,QB,6.3,200.0,"BEL AIR, MD",Calvert Hall,https://muhlenbergsports.com//images/2024/8/25/FBhumpf24_LGxrf.jpg?width=50,https://muhlenbergsports.com/sports/football/roster/nick-humpf/8320
0,Tommy Donnelly,15,So.,WR,5.7,155.0,"DOYLESTOWN, PA",Central Bucks South,https://muhlenbergsports.com//images/2024/8/25/FBdonnelly24_zymER.jpg?width=50,https://muhlenbergsports.com/sports/football/roster/tommy-donnelly/8125
0,Wes Hack,16,So.,WR,5.1,167.0,"SOMERVILLE, NJ",Somerville,https://muhlenbergsports.com//images/2024/8/25/FBhack24_AWXte.jpg?width=50,https://muhlenbergsports.com/sports/football/roster/wes-hack/8138
0,Jason Eisele,17,So.,LB,6.2,194.0,"JEFFERSON, NJ",Jefferson Twp.,https://muhlenbergsports.com//images/2023/8/12/FBeiseleja23_2mfEO.jpg?width=50,https://muhlenbergsports.com/sports/football/roster/jason-eisele/8128
0,John Runfolo,18,Jr.,WR,5.11,175.0,"HOWELL, NJ",Colts Neck,https://muhlenbergsports.com//images/2024/8/25/FBrunfolo24_3xScu.jpg?width=50,https://muhlenbergsports.com/sports/football/roster/john-runfolo/8175
0,Jameel Sheppard,19,Fr.,WR,5.7,155.0,"TOBYHANNA, PA",Pocono Mountain West,https://muhlenbergsports.com//images/2024/8/25/FBsheppard24_Y3l3K.jpg?width=50,https://muhlenbergsports.com/sports/football/roster/jameel-sheppard/8340
0,Dorsey Shoultz III,19,Jr.,DE,6.2,215.0,"CLIFTON HEIGHTS, PA",Upper Darby,https://muhlenbergsports.com//images/2024/8/25/FBshoultz24_wdiJO.jpg?width=50,https://muhlenbergsports.com/sports/football/roster/dorsey-shoultz-iii/8183
0,Isaiah Lobelo,20,Sr.,LB,6.1,210.0,"WOODLAND PARK, NJ",DePaul Catholic,https://muhlenbergsports.com//images/2024/8/25/FBlobelo24_0Jxfs.jpg?width=50,https://muhlenbergsports.com/sports/football/roster/isaiah-lobelo/8149
0,Aaron Daniels,21,Sr.,RB,5.1,188.0,"FREEPORT, NY",Friends Academy,https://muhlenbergsports.com//images/2024/8/25/FBdaniels24_Jt9LP.jpg?width=50,https://muhlenbergsports.com/sports/football/roster/aaron-daniels/8121
0,Griffin Zobel,22,Gr.,CB,6.0,187.0,"HATFIELD, PA",La Salle College,https://muhlenbergsports.com//images/2024/8/25/FBzobel24_Hdi9R.jpg?width=50,https://muhlenbergsports.com/sports/football/roster/griffin-zobel/8193
0,Francis Pommett,23,Jr.,S,6.0,180.0,"GLEN ARM, MD",Saint Johnâ€™s Catholic Prep,https://muhlenbergsports.com//images/2024/8/25/FBpommett24_bIchG.jpg?width=50,https://muhlenbergsports.com/sports/football/roster/francis-pommett/8165
0,Amari Dunn,24,Jr.,RB,5.9,197.0,"POTTSVILLE, PA",Pottsville Area,https://muhlenbergsports.com//images/2024/8/25/FBdunn24_gwLQg.jpg?width=50,https://muhlenbergsports.com/sports/football/roster/amari-dunn/8127
0,Isaac Schaffer,25,So.,RB,5.7,195.0,"NORTHUMBERLAND, PA",Shikellamy,https://muhlenbergsports.com//images/2024/8/25/FBschafferneitz24_nDE4m.jpg?width=50,https://muhlenbergsports.com/sports/football/roster/isaac-schaffer-neitz/8178
0,Peyton Elliott,26,Jr.,LB,6.0,205.0,"COOPERSBURG, PA",Central Catholic,https://muhlenbergsports.com//images/2024/8/25/FBelliott24_wTQti.jpg?width=50,https://muhlenbergsports.com/sports/football/roster/peyton-elliott/8130
0,Jeffrey Lopez,27,So.,LB,5.1,180.0,"WAYNE, NJ",DePaul Catholic,https://muhlenbergsports.com//images/2024/8/25/FBlopez24_2mEoT.jpg?width=50,https://muhlenbergsports.com/sports/football/roster/jeffrey-lopez/8326
0,George Europe Jr.,28,Jr.,LB,5.9,185.0,"TOBYHANNA, PA",Pocono Mountain West,https://muhlenbergsports.com//images/2024/8/25/FBeurope24_LcZla.jpg?width=50,https://muhlenbergsports.com/sports/football/roster/george-europe-jr-/8132
0,Jake Saus,28,Fr.,DB,5.11,175.0,"FLEMINGTON, NJ",Hunterdon Central Regional,https://muhlenbergsports.com//images/2024/8/25/FBsaus24_5Uubb.jpg?width=50,https://muhlenbergsports.com/sports/football/roster/jake-saus/8338
0,Daniel Hanlon,29,So.,DB,6.0,195.0,"WESTFIELD, NJ",Westfield,https://muhlenbergsports.com//images/2024/8/25/FBhanlon24_nmiEf.jpg?width=50,https://muhlenbergsports.com/sports/football/roster/daniel-hanlon/8139
0,Cassius Fraser Jr.,30,Fr.,RB,5.1,215.0,"BROOKLYN, NY",Boys and Girls,https://muhlenbergsports.com//images/2024/8/25/FBfraser24_ZWkRa.jpg?width=50,https://muhlenbergsports.com/sports/football/roster/cassius-fraser-jr-/8311
0,Shawn Goode,30,Fr.,LB,6.0,207.0,"MIDDLETOWN, NJ",Middletown South,https://muhlenbergsports.com//images/2024/8/25/FBgoode24_mswBj.jpg?width=50,https://muhlenbergsports.com/sports/football/roster/shawn-goode/8316
0,Dylan Cotter,31,Fr.,LB,6.0,195.0,"NEWTON, NJ",Newton,https://muhlenbergsports.com//images/2024/8/25/FBcotter24_jWXFQ.jpg?width=50,https://muhlenbergsports.com/sports/football/roster/dylan-cotter/8309
0,Matthew Manning,32,Jr.,RB,5.11,195.0,"PARK RIDGE, NJ",Park Ridge,https://muhlenbergsports.com//images/2024/8/25/FBmanning24_kQyE8.jpg?width=50,https://muhlenbergsports.com/sports/football/roster/matthew-manning/8151
0,Owen Kovacs,33,Sr.,S,5.11,190.0,"NEW PROVIDENCE, NJ",New Providence,https://muhlenbergsports.com//images/2024/8/25/FBkovacs24_h2W0H.jpg?width=50,https://muhlenbergsports.com/sports/football/roster/owen-kovacs/8147
0,Ethan Kalinauskas,34,Fr.,LB,6.0,195.0,"JACKSON, NJ",Jackson Memorial,https://muhlenbergsports.com//images/2024/8/25/FBkalinauskas24_OOiWG.jpg?width=50,https://muhlenbergsports.com/sports/football/roster/ethan-kalinauskas/8323
0,Tommy Andrews,35,So.,DB,5.11,170.0,"ABINGTON, PA",Springside Chestnut Hill Academy,https://muhlenbergsports.com//images/2024/8/25/FBandrews24_F5cxT.jpg?width=50,https://muhlenbergsports.com/sports/football/roster/tommy-andrews/8109
0,Lucas Santangelo,35,Fr.,RB,5.1,215.0,"SMITHTOWN, NY",Smithtown East,https://muhlenbergsports.com//images/2024/8/25/FBsantangelo24_ta1WV.jpg?width=50,https://muhlenbergsports.com/sports/football/roster/lucas-santangelo/8337
0,Danny Cullen,36,So.,DB,5.1,185.0,"LIVINGSTON, NJ",Livingston,https://muhlenbergsports.com//images/2024/8/25/FBcullen24_RCeLC.jpg?width=50,https://muhlenbergsports.com/sports/football/roster/danny-cullen/8118
0,John Aboussleman,37,Fr.,LB,5.11,195.0,"UPPER SADDLE RIVER, NJ",Northern Highlands Regional,https://muhlenbergsports.com//images/2024/8/25/FBaboussleman24_Q6tw0.jpg?width=50,https://muhlenbergsports.com/sports/football/roster/john-aboussleman/8299
0,Tyler Jones,38,Fr.,DB,5.11,155.0,"BALTIMORE, MD",Parkville,https://muhlenbergsports.com//images/2024/8/25/FBjones24_4rW1d.jpg?width=50,https://muhlenbergsports.com/sports/football/roster/tyler-jones/8322
0,Dominick Genario,39,So.,LB,6.2,190.0,"WOOD-RIDGE, NJ",Bergen Tech,https://muhlenbergsports.com//images/2024/8/25/FBgenario24_XEgzO.jpg?width=50,https://muhlenbergsports.com/sports/football/roster/dominick-genario/8136
0,Justin Bernal,40,So.,LB,5.9,205.0,"MONTCLAIR, NJ",Montclair,https://muhlenbergsports.com//images/2024/8/25/FBbernal24_mXLxK.jpg?width=50,https://muhlenbergsports.com/sports/football/roster/justin-bernal/8113
0,Kole Dominick,40,So.,LB,5.1,185.0,"POUGHKEEPSIE, NY",Spackenkill,https://muhlenbergsports.com//images/2024/8/25/FBdominick24_ZCOV8.jpg?width=50,https://muhlenbergsports.com/sports/football/roster/kole-dominick/8124
0,Isaiah Garrett,40,Fr.,LB,5.9,195.0,"BALTIMORE, MD",McDonogh School,https://muhlenbergsports.com//images/2024/8/25/FBgarrett24_pgjzD.jpg?width=50,https://muhlenbergsports.com/sports/football/roster/isaiah-garrett/8313
0,Christopher Mignosi,41,So.,DL,5.1,205.0,"STROUDSBURG, PA",Stroudsburg,https://muhlenbergsports.com//images/2024/8/25/FBmignosi24_TOJeN.jpg?width=50,https://muhlenbergsports.com/sports/football/roster/christopher-mignosi/8155
0,Derek Graichen,42,Sr.,LB,6.0,200.0,"KENILWORTH, NJ",David Brearley,https://muhlenbergsports.com//images/2024/8/25/FBgraichen24_pyCK3.jpg?width=50,https://muhlenbergsports.com/sports/football/roster/derek-graichen/8137
0,Brian Walsh,43,Fr.,LB,6.1,205.0,"PARK CITY, UTAH",Park City,https://muhlenbergsports.com//images/2024/8/25/FBwalsh24_CIlYY.jpg?width=50,https://muhlenbergsports.com/sports/football/roster/brian-walsh/8345
0,Gavin Cerco,44,Fr.,DB,6.0,150.0,"ALLENTOWN, PA",Salisbury,https://muhlenbergsports.com//images/2024/8/25/FBcerco24_IZ6gg.jpg?width=50,https://muhlenbergsports.com/sports/football/roster/gavin-cerco/8305
0,Michael Dotro,44,Sr.,LB,6.0,220.0,"KENILWORTH, NJ",Academy for Information Technology,https://muhlenbergsports.com//images/2024/8/25/FBdotro24_4ubB4.jpg?width=50,https://muhlenbergsports.com/sports/football/roster/michael-dotro/8126
0,Hunter Ginsberg,45,Fr.,LB,6.1,195.0,"LEVITTOWN, PA",Conwell Egan Catholic,https://muhlenbergsports.com//images/2024/8/25/FBginsberg24_xtMnp.jpg?width=50,https://muhlenbergsports.com/sports/football/roster/hunter-ginsberg/8314
0,Justin Eisele,46,Jr.,LB,6.0,210.0,"JEFFERSON TWP, NJ",Jefferson Twp.,https://muhlenbergsports.com//images/2024/8/25/FBeiseleju24_Y7cet.jpg?width=50,https://muhlenbergsports.com/sports/football/roster/justin-eisele/8129
0,Sean Krug,47,Jr.,LS,6.2,215.0,"LONG HILL, NJ",Watchung Hills Regional,https://muhlenbergsports.com//images/2024/8/25/FBkrug24_xYd9J.jpg?width=50,https://muhlenbergsports.com/sports/football/roster/sean-krug/8148
0,Jason Stien Jr.,47,Fr.,LB,6.1,210.0,"WEBSTER, MASS",Worcester Academy,https://muhlenbergsports.com//images/2024/8/25/FBstien24_1cU0A.jpg?width=50,https://muhlenbergsports.com/sports/football/roster/jason-stien-jr-/8343
0,Joseph Papa,48,Fr.,LB,6.2,220.0,"MEDFORD, NJ",Shawnee,https://muhlenbergsports.com//images/2024/8/25/FBpapaj24_1M7oR.jpg?width=50,https://muhlenbergsports.com/sports/football/roster/joseph-papa/8334
0,Nicholas D'Amico,49,So.,K,6.0,197.0,"TAYLOR, PA",Riverside,https://muhlenbergsports.com//images/2024/8/25/FBdamico24_mxdSm.jpg?width=50,https://muhlenbergsports.com/sports/football/roster/nicholas-d-amico/8120
0,John Roeder,50,So.,LB,6.1,210.0,"BETHLEHEM, PA",Freedom,https://muhlenbergsports.com//images/2024/8/25/FBroeder24_Y433H.jpg?width=50,https://muhlenbergsports.com/sports/football/roster/john-roeder/8172
0,Vincent Rispoli,51,Jr.,DL,6.0,245.0,"EAST HANOVER, NJ",Hanover Park,https://muhlenbergsports.com//images/2024/8/25/FBrispoli24_UQzNk.jpg?width=50,https://muhlenbergsports.com/sports/football/roster/vincent-rispoli/8170
0,Troy Conlon,52,So.,OL,5.9,275.0,"MAMARONECK, NY",Mamaroneck,https://muhlenbergsports.com//images/2024/8/25/FBconlon24_7rT1L.jpg?width=50,https://muhlenbergsports.com/sports/football/roster/troy-conlon/8117
0,CJ Newman,53,So.,LB,6.2,215.0,"BETHESDA, MD",Walter Johnson,https://muhlenbergsports.com//images/2024/8/25/FBnewman24_5RHBP.jpg?width=50,https://muhlenbergsports.com/sports/football/roster/cj-newman/8157
0,Blaze Curry,54,Jr.,DE,6.1,220.0,"COOPERSBURG, PA",Southern Lehigh,https://muhlenbergsports.com//images/2024/8/25/FBcurry24_0Q1go.jpg?width=50,https://muhlenbergsports.com/sports/football/roster/blaze-curry/8119
0,Alex Schafer,55,Jr.,NT,5.11,270.0,"COOPERSBURG, PA",Southern Lehigh,https://muhlenbergsports.com//images/2024/8/25/FBschafer24_GYzHe.jpg?width=50,https://muhlenbergsports.com/sports/football/roster/alex-schafer/8177
0,Jackson Armstrong,56,Sr.,NT,6.1,265.0,"NORTHPORT, NY",Northport,https://muhlenbergsports.com//images/2024/8/25/FBarmstrong24_ygxzz.jpg?width=50,https://muhlenbergsports.com/sports/football/roster/jackson-armstrong/8111
0,Mick O'Malley,57,So.,LB,6.3,225.0,"DURYEA, PA",Scranton Prep,https://muhlenbergsports.com//images/2024/8/25/FBomalley24_OuRs9.jpg?width=50,https://muhlenbergsports.com/sports/football/roster/mick-o-malley/8159
0,Thomas Cerruti,58,Fr.,LB,5.1,205.0,"PHILADELPHIA, PA",St. Joseph's Prep,https://muhlenbergsports.com//images/2024/8/25/FBcerruti24_gssxF.jpg?width=50,https://muhlenbergsports.com/sports/football/roster/thomas-cerruti/8306
0,Tom Smid,59,Jr.,DL,6.0,240.0,"MAPLE GLEN, PA",Upper Dublin,https://muhlenbergsports.com//images/2024/8/25/FBsmid24_Z6Uez.jpg?width=50,https://muhlenbergsports.com/sports/football/roster/tom-smid/8184
0,Joseph Kudla II,60,Fr.,OL,6.4,290.0,"ROSTRAVER TWP, PA",Greensburg Central Catholic,https://muhlenbergsports.com//images/2024/8/25/FBkudla24_IEvRp.jpg?width=50,https://muhlenbergsports.com/sports/football/roster/joseph-kudla-ii/8324
0,Jaxon Jeske,61,So.,OL,6.2,305.0,"STATEN ISLAND, NY",Tottenville,https://muhlenbergsports.com//images/2024/8/25/FBjeske24_WyErw.jpg?width=50,https://muhlenbergsports.com/sports/football/roster/jaxon-jeske/8142
0,David Barr,62,Sr.,OG,6.3,320.0,"NORTH BRUNSWICK, NJ",St. Joseph,https://muhlenbergsports.com//images/2024/8/25/FBbarr24_GukCL.jpg?width=50,https://muhlenbergsports.com/sports/football/roster/david-barr/8112
0,Owen Shaffer,63,So.,OL,6.4,270.0,"TANNERSVILLE, PA",Pocono Mountain East,https://muhlenbergsports.com//images/2024/8/25/FBshaffer24_9ndSL.jpg?width=50,https://muhlenbergsports.com/sports/football/roster/owen-shaffer/8180
0,Jack Kinerney,64,Sr.,OG,6.2,290.0,"FAIRFAX, VA",Chantilly,https://muhlenbergsports.com//images/2024/8/25/FBkinerney24_tf6a2.jpg?width=50,https://muhlenbergsports.com/sports/football/roster/jack-kinerney/8145
0,Robert Terreros,65,Jr.,C,6.1,240.0,"HARRISON, NJ",DePaul Catholic,https://muhlenbergsports.com//images/2024/8/25/FBterreros24_oC76z.jpg?width=50,https://muhlenbergsports.com/sports/football/roster/robert-terreros/8186
0,Samuel Filip,66,So.,NT,6.1,385.0,"LORDS VALLEY, PA",Wallenpaupack,https://muhlenbergsports.com//images/2024/8/25/FBfilip24_4rjvm.jpg?width=50,https://muhlenbergsports.com/sports/football/roster/samuel-filip/8134
0,Dylan Blanco,67,Sr.,OL,6.3,255.0,"SHOREHAM, NY",Shoreham-Wading River,https://muhlenbergsports.com//images/2024/8/25/FBblanco24_nSh53.jpg?width=50,https://muhlenbergsports.com/sports/football/roster/dylan-blanco/8114
0,Triquil Monroe,68,Fr.,OL,6.0,255.0,"NEWARK, NJ",DePaul Catholic,https://muhlenbergsports.com//images/2024/8/25/FBmonroe24_R5mCn.jpg?width=50,https://muhlenbergsports.com/sports/football/roster/triquil-monroe/8331
0,CJ Mersky,69,Fr.,OL,5.1,250.0,"SELLERSVILLE, PA",Germantown Academy,https://muhlenbergsports.com//images/2024/8/25/FBmersky24_nTLWU.jpg?width=50,https://muhlenbergsports.com/sports/football/roster/cj-mersky/8329
0,Matthew Rockensies,70,Sr.,OT,6.4,273.0,"MERRICK, NY",Chaminade,https://muhlenbergsports.com//images/2024/8/25/FBrockensies24_z6yaE.jpg?width=50,https://muhlenbergsports.com/sports/football/roster/matthew-rockensies/8171
0,Alex Harby,71,Jr.,OL,6.2,280.0,"WANTAGE, NJ",Pope John XXIII,https://muhlenbergsports.com//images/2024/8/25/FBharby24_QWr5a.jpg?width=50,https://muhlenbergsports.com/sports/football/roster/alex-harby/8140
0,Kyle Scott,71,Fr.,OL,5.1,279.0,"BROOKLYN, NY",South Shore,No picture taken,https://muhlenbergsports.com/sports/football/roster/kyle-scott/8389
0,Conor Vatcher,72,Sr.,OT,6.2,255.0,"RAMSEY, NJ",Ramsey,https://muhlenbergsports.com//images/2024/8/25/FBvatcher24_YtQrT.jpg?width=50,https://muhlenbergsports.com/sports/football/roster/conor-vatcher/8187
0,Spencer Peck,73,Sr.,OT,6.4,265.0,"BLOOMSBURY, NJ",North Hunterdon,https://muhlenbergsports.com//images/2024/8/25/FBpeck24_pa5rr.jpg?width=50,https://muhlenbergsports.com/sports/football/roster/spencer-peck/8162
0,Robbie Kohn,74,So.,OL,6.0,220.0,"WESTON, CONN",Weston,https://muhlenbergsports.com//images/2024/8/25/FBkohn24_aoAhD.jpg?width=50,https://muhlenbergsports.com/sports/football/roster/robbie-kohn/8146
0,Luke Snisky,74,Fr.,DL,6.0,280.0,"RYE BROOK, NY",Iona Prep,https://muhlenbergsports.com//images/2024/8/25/FBsnisky24_SqPsM.jpg?width=50,https://muhlenbergsports.com/sports/football/roster/luke-snisky/8341
0,Ryan Wreath,75,Sr.,C,6.4,275.0,"PHILADELPHIA, PA",William Penn Charter,https://muhlenbergsports.com//images/2024/8/25/FBwreath24_ziy7p.jpg?width=50,https://muhlenbergsports.com/sports/football/roster/ryan-wreath/8192
0,David Jansons,76,Fr.,OL,5.1,270.0,"OAKTON, VA",Oakton,https://muhlenbergsports.com//images/2024/8/25/FBjansons24_0qAYf.jpg?width=50,https://muhlenbergsports.com/sports/football/roster/david-jansons/8321
0,Mike Powel,77,Jr.,OT,6.2,280.0,"HAVERTOWN, PA",Haverford,https://muhlenbergsports.com//images/2024/8/25/FBpowel24_34bwr.jpg?width=50,https://muhlenbergsports.com/sports/football/roster/mike-powel/8166
0,PJ Bonistalli,78,Jr.,OG,6.2,260.0,"OAKLAND, NJ",Bergen Catholic,https://muhlenbergsports.com//images/2024/8/25/FBbonistalli24_bEIws.jpg?width=50,https://muhlenbergsports.com/sports/football/roster/pj-bonistalli/8115
0,Christopher Rausch Jr.,79,Fr.,OL,6.1,270.0,"MORRISVILLE, PA",Pennsbury,https://muhlenbergsports.com//images/2024/8/25/FBrausch24_u4OYd.jpg?width=50,https://muhlenbergsports.com/sports/football/roster/christopher-rausch-jr-/8336
0,Kyle McGrath,80,Jr.,WR,6.0,175.0,"KINTNERSVILLE, PA",Palisades,https://muhlenbergsports.com//images/2024/8/25/FBmcgrath24_ZlgLo.jpg?width=50,https://muhlenbergsports.com/sports/football/roster/kyle-mcgrath/8153
0,Matt McKenna,81,Sr.,TE,6.5,235.0,"DREXEL HILL, PA",Haverford School,https://muhlenbergsports.com//images/2024/8/25/FBmckenna24_13Lug.jpg?width=50,https://muhlenbergsports.com/sports/football/roster/matt-mckenna/8154
0,James Wyers,81,Fr.,WR,5.1,170.0,"UPPER TWP, NJ",Wildwood,https://muhlenbergsports.com//images/2024/8/25/FBwyers24_bKekG.jpg?width=50,https://muhlenbergsports.com/sports/football/roster/james-wyers/8346
0,Aidan Mack,82,Jr.,TE,6.3,205.0,"WHIPPANY, NJ",Seton Hall Prep,https://muhlenbergsports.com//images/2024/8/25/FBmack24_jqrmD.jpg?width=50,https://muhlenbergsports.com/sports/football/roster/aidan-mack/8327
0,Caden Reph,83,Jr.,TE,6.1,250.0,"NORTHAMPTON, PA",Northampton,https://muhlenbergsports.com//images/2024/8/25/FBreph24_xWGhT.jpg?width=50,https://muhlenbergsports.com/sports/football/roster/caden-reph/8169
0,Cody Whalen,84,So.,WR,5.1,170.0,"JERICHO, NY",Jericho,https://muhlenbergsports.com//images/2024/8/25/FBwhalen24_8gOEP.jpg?width=50,https://muhlenbergsports.com/sports/football/roster/cody-whalen/8189
0,Chris Holland,85,Fr.,TE,6.4,225.0,"ROSWELL, GA",Roswell,https://muhlenbergsports.com//images/2024/8/25/FBholland24_933jW.jpg?width=50,https://muhlenbergsports.com/sports/football/roster/chris-holland/8318
0,Michael Bemis,86,Fr.,WR,6.3,185.0,"AMBLER, PA",Wissahickon,https://muhlenbergsports.com//images/2024/8/25/FBbemis24_Tfk1l.jpg?width=50,https://muhlenbergsports.com/sports/football/roster/michael-bemis/8302
0,Shane Corkill,86,Fr.,WR,6.0,185.0,"EDGEWATER, MD",South River,https://muhlenbergsports.com//images/2024/8/25/FBcorkill24_tflu2.jpg?width=50,https://muhlenbergsports.com/sports/football/roster/shane-corkill/8308
0,Jordan Kiley,87,Sr.,TE,6.2,240.0,"PHILLIPSBURG, NJ",Phillipsburg,https://muhlenbergsports.com//images/2024/8/25/FBkiley24_MlG5l.jpg?width=50,https://muhlenbergsports.com/sports/football/roster/jordan-kiley/8144
0,Logan Nordeck,88,Fr.,WR,5.1,185.0,"ARBUTUS, MD",Archbishop Curley,https://muhlenbergsports.com//images/2024/8/25/FBnordeck24_dFkHc.jpg?width=50,https://muhlenbergsports.com/sports/football/roster/logan-nordeck/8333
0,Christopher Short,88,So.,WR,5.11,161.0,"CLOSTER, NJ",Northern Valley Demarest,https://muhlenbergsports.com//images/2024/8/25/FBshort24_dZESX.jpg?width=50,https://muhlenbergsports.com/sports/football/roster/christopher-short/8181
0,Zaki Williams,89,Jr.,TE,6.0,250.0,"ORANGE, NJ",St. Mark's School (Mass.),https://muhlenbergsports.com//images/2024/8/25/FBwilliamsz24_0BZwa.jpg?width=50,https://muhlenbergsports.com/sports/football/roster/zaki-williams/8191
0,Tom Papa,90,Gr.,DL,6.3,260.0,"MEDFORD, NJ",Shawnee,https://muhlenbergsports.com//images/2024/8/25/FBpapat24_uCCl3.jpg?width=50,https://muhlenbergsports.com/sports/football/roster/tom-papa/8335
0,Derek Rosenow,91,Sr.,DE,6.3,250.0,"STATEN ISLAND, NY",St. Peter's,https://muhlenbergsports.com//images/2024/8/25/FBrosenow24_dnQGS.jpg?width=50,https://muhlenbergsports.com/sports/football/roster/derek-rosenow/8173
0,Connor Fenstermaker,92,Sr.,K,6.3,190.0,"WHITEHALL, PA",Whitehall,https://muhlenbergsports.com//images/2024/8/25/FBfenstermaker24_hE5ws.jpg?width=50,https://muhlenbergsports.com/sports/football/roster/connor-fenstermaker/8133
0,Shane Moreau,92,Fr.,LB,5.9,220.0,"BRONX, NY",Central Park East,https://muhlenbergsports.com//images/2024/8/25/FBmoreau24_0rSmL.jpg?width=50,https://muhlenbergsports.com/sports/football/roster/shane-moreau/8332
0,Myles Byrd Rice,93,Fr.,DL,6.0,270.0,"MATAWAN, NJ",St. John Vianney,https://muhlenbergsports.com//images/2024/8/25/FBbyrdrice24_aSAVD.jpg?width=50,https://muhlenbergsports.com/sports/football/roster/myles-byrd-rice/8304
0,Colin Kearney,93,So.,DL,6.3,230.0,"PHILADELPHIA, PA",Germantown Academy,https://muhlenbergsports.com//images/2024/8/25/FBkearney24_RP9Ij.jpg?width=50,https://muhlenbergsports.com/sports/football/roster/colin-kearney/8143
0,Stoney Fuller,94,Fr.,DL,5.1,230.0,"EAST STROUDSBURG, PA",Stroudsburg,https://muhlenbergsports.com//images/2024/8/25/FBfullerbey24_yz2oh.jpg?width=50,https://muhlenbergsports.com/sports/football/roster/stoney-fuller-bey/8312
0,Joel Herrera,95,Fr.,DL,6.2,260.0,"STONY POINT, NY",North Rockland,https://muhlenbergsports.com//images/2024/8/25/FBherrera24_Ka4jz.jpg?width=50,https://muhlenbergsports.com/sports/football/roster/joel-herrera/8317
0,Nick Servidio,97,Fr.,DL,6.3,220.0,"FLUSHING, NY",Holy Cross,https://muhlenbergsports.com//images/2024/8/25/FBservidio24_0opvK.jpg?width=50,https://muhlenbergsports.com/sports/football/roster/nick-servidio/8339
0,Andrew Franklin,98,Sr.,DE,6.4,252.0,"ANNANDALE, NJ",North Hunterdon,https://muhlenbergsports.com//images/2024/8/25/FBfranklin24_qIZ37.jpg?width=50,https://muhlenbergsports.com/sports/football/roster/andrew-franklin/8135
0,Andrew Deutsch,99,Fr.,K,5.7,160.0,"WHITEHALL, PA",Whitehall,https://muhlenbergsports.com//images/2024/8/25/FBdeutsch24_G1u00.jpg?width=50,https://muhlenbergsports.com/sports/football/roster/andrew-deutsch/8310
0,Matt Papa,99,Sr.,DE,6.3,240.0,"MEDFORD, NJ",Shawnee,https://muhlenbergsports.com//images/2024/8/25/FBpapam24_4gjzW.jpg?width=50,https://muhlenbergsports.com/sports/football/roster/matt-papa/8161
0,Sebastian Chaney,-1,Fr.,RB,5.7,190.0,"BALTIMORE, MD",Gilman School,https://muhlenbergsports.com//images/2024/8/25/FBchaney24_fxQ75.jpg?width=50,https://muhlenbergsports.com/sports/football/roster/sebastian-chaney/8307
